{"cameraMode":{"drawMode":0,"name":"Shaded","section":"Shading Mode"},"sceneLighting":true,"audioPlay":false,"sceneViewState":{"showFog":true,"showMaterialUpdate":false,"showSkybox":true,"showFlares":true,"showImageEffects":true,"showParticleSystems":true},"in2DMode":false,"pivot":{"x":0.2960945665836334,"y":2.2142012119293215,"z":-0.3260466456413269},"rotation":{"x":0.01967272162437439,"y":0.9773539304733276,"z":-0.10781846940517426,"w":0.18152248859405518},"size":162.28468322753907,"orthographic":true}